gene_name,baseMean,log2FoldChange,lfcSE,pvalue,padj,description
IFIT2,54775.28311784517,4.969621867884825,0.9861345908519038,2.1171218718500735e-9,8.027950919464721e-7,interferon induced protein with tetratricopeptide repeats 2 [Source:HGNC Symbol;Acc:HGNC:5409]
RSAD2,7239.410985242138,4.780501533911976,0.8819574907455959,9.676894090517855e-11,9.16563151940216e-8,radical S-adenosyl methionine domain containing 2 [Source:HGNC Symbol;Acc:HGNC:30908]
ISG15,4630.453031290036,4.647403294308086,0.9201815109770338,1.8768783200511344e-9,7.704409252329435e-7,ISG15 ubiquitin like modifier [Source:HGNC Symbol;Acc:HGNC:4053]
OAS2,21480.13214430013,4.021843489551112,0.7983878942540829,2.5706194928109772e-9,9.13051911102799e-7,2'-5'-oligoadenylate synthetase 2 [Source:HGNC Symbol;Acc:HGNC:8087]
USP18,1071.2589441292582,4.017244484750901,0.7812372989024188,4.1005330037670366e-9,1.3316188034518895e-6,ubiquitin specific peptidase 18 [Source:HGNC Symbol;Acc:HGNC:12616]
HERC5,7551.968961384271,3.988607197793443,0.9967366462007217,4.3486844851898827e-7,3.716326906666783e-5,HECT and RLD domain containing E3 ubiquitin protein ligase 5 [Source:HGNC Symbol;Acc:HGNC:24368]
MX1,12646.933288138302,3.8321647500301963,0.9634270561635688,6.113351275052057e-7,4.694888553529843e-5,MX dynamin like GTPase 1 [Source:HGNC Symbol;Acc:HGNC:7532]
RIGI,11411.06647654121,3.651249531819692,0.727235297528241,2.1189383035715434e-9,8.027950919464721e-7,DExD/H-box helicase 58 [Source:HGNC Symbol;Acc:HGNC:19102]
IFIT3,26459.331142638748,3.6096098108277435,0.678228195668,6.540732785105256e-10,3.7170984417753165e-7,interferon induced protein with tetratricopeptide repeats 3 [Source:HGNC Symbol;Acc:HGNC:5411]
IFI44,6061.744233368789,3.5043702560862866,0.74170417628929175,1.2542451911319349e-8,2.7041213438390235e-6,interferon induced protein 44 [Source:HGNC Symbol;Acc:HGNC:16938]
OAS1,1554.8267966660546,3.476976544278716,0.8539293133961958,1.2263454204206394e-7,1.4369734070619575e-5,2'-5'-oligoadenylate synthetase 1 [Source:HGNC Symbol;Acc:HGNC:8086]
SIGLEC1,1014.4958379967369,3.450364078656525,0.8138227919743007,1.3132390822713318e-7,1.5077045867773694e-5,sialic acid binding Ig like lectin 1 [Source:HGNC Symbol;Acc:HGNC:11127]
IFI44L,2914.989582854431,3.4442455225920523,0.7551441403619491,4.057783638961974e-8,5.9897102390184145e-6,interferon induced protein 44 like [Source:HGNC Symbol;Acc:HGNC:17817]
MX2,11380.37234461191,3.386444944555353,0.721268010370331,2.09057063266038e-8,3.771654890606012e-6,MX dynamin like GTPase 2 [Source:HGNC Symbol;Acc:HGNC:7533]
FAM89A,257.3529765735347,3.1094132661918357,0.6270054644128106,2.4593073169923737e-9,9.016931279011393e-7,family with sequence similarity 89 member A [Source:HGNC Symbol;Acc:HGNC:25057]
SEMA6B,70.6985569511907,2.948403409104289,0.4189813562956117,1.1045719646871149e-13,2.5109129901267496e-10,semaphorin 6B [Source:HGNC Symbol;Acc:HGNC:10739]
DDX60,4350.9174877998585,2.9432042038580133,0.6745043143977824,1.487116980254047e-7,1.6410263686958736e-5,DExD/H-box helicase 60 [Source:HGNC Symbol;Acc:HGNC:25942]
OAS3,24833.22261803748,2.9148807198828157,0.7240945659413585,4.136642667703341e-7,3.616698504701244e-5,2'-5'-oligoadenylate synthetase 3 [Source:HGNC Symbol;Acc:HGNC:8088]
ADGRE1,2107.544137768966,2.8939194452675565,0.4132805492484501,6.0915502299095974e-15,2.307885330438416e-11,adhesion G protein-coupled receptor E1 [Source:HGNC Symbol;Acc:HGNC:3336]
PLSCR2,2742.958811040115,2.807579053877464,0.6017784570149304,1.7249278690608207e-8,3.5009875285259445e-6,phospholipid scramblase 2 [Source:HGNC Symbol;Acc:HGNC:16494]
OASL,4970.010934453972,2.734347966495757,0.5832162183328428,3.03817520622164e-8,4.796097138043772e-6,2'-5'-oligoadenylate synthetase like [Source:HGNC Symbol;Acc:HGNC:8090]
IL18RAP,1066.0299271518122,2.7002859564460238,0.9079061395131658,8.010268657126e-6,3.286812763786791e-4,interleukin 18 receptor accessory protein [Source:HGNC Symbol;Acc:HGNC:5989]
IFIH1,4866.403932824443,2.6534051346239758,0.637988149153113,2.4747976372254666e-7,2.42487499523316e-5,interferon induced with helicase C domain 1 [Source:HGNC Symbol;Acc:HGNC:18873]
IL1RN,1931.834838718646,2.6246101882741697,0.6674350024063093,5.986287666067001e-7,4.660283946062845e-5,interleukin 1 receptor antagonist [Source:HGNC Symbol;Acc:HGNC:6000]
HERC6,3254.525956550813,2.6148917454538907,0.6142464437841886,2.3804597426802732e-7,2.3733601259038585e-5,HECT and RLD domain containing E3 ubiquitin protein ligase family member 6 [Source:HGNC Symbol;Acc:HGNC:26072]
DHX58,3294.0569602276028,2.5915400493231537,0.6355400190642091,7.597821969430656e-7,5.273620250562317e-5,DExH-box helicase 58 [Source:HGNC Symbol;Acc:HGNC:29517]
ACO1,870.4368479056118,2.570328806389894,0.3962229360803701,7.132171892608381e-13,1.1580609390198124e-9,aconitase 1 [Source:HGNC Symbol;Acc:HGNC:117]
PLA2G4C,448.64903637153645,2.537248156373259,0.30646690125136655,8.247371864334749e-18,4.686981430501438e-14,phospholipase A2 group IVC [Source:HGNC Symbol;Acc:HGNC:9037]
ETV7,182.9199096400081,2.513757442794988,0.48064601566656084,3.696806833112596e-9,1.2358207783869933e-6,ETS variant transcription factor 7 [Source:HGNC Symbol;Acc:HGNC:18160]
BATF2,216.74297822179005,2.5064047814944077,0.43313078462836746,3.241291494506775e-10,2.0466955070313338e-7,basic leucine zipper ATF-like transcription factor 2 [Source:HGNC Symbol;Acc:HGNC:25163]
EPSTI1,2898.9942378726314,2.4854132279559473,0.7483293345552231,1.1944461549443394e-5,4.3728395750157126e-4,epithelial stromal interaction 1 [Source:HGNC Symbol;Acc:HGNC:16465]
IFIT5,24250.903480411405,2.4682261210632936,0.9670231405200032,5.597914361424595e-5,0.0013429308203529227,interferon induced protein with tetratricopeptide repeats 5 [Source:HGNC Symbol;Acc:HGNC:13328]
IFI27,184.62424027886752,2.403692190363298,0.453124730886743,8.42689497483884e-9,2.082175832261266e-6,interferon alpha inducible protein 27 [Source:HGNC Symbol;Acc:HGNC:5397]
EIF2AK2,3707.992394276054,2.39850380529497,0.6802260133495841,4.154471956157044e-6,1.9364319079975318e-4,eukaryotic translation initiation factor 2 alpha kinase 2 [Source:HGNC Symbol;Acc:HGNC:9437]
PARP14,22438.795396653288,2.3226590917189323,0.5827287466400575,7.193654890963106e-7,5.110192593167916e-5,poly(ADP-ribose) polymerase family member 14 [Source:HGNC Symbol;Acc:HGNC:29232]
IRF7,3827.337412746124,2.3175466713604322,0.6435338077771294,4.499995378658178e-6,2.045877898953154e-4,interferon regulatory factor 7 [Source:HGNC Symbol;Acc:HGNC:6122]
PLAC8,4757.208704184513,2.286790871201076,0.447638353973082,1.4283895070394457e-9,6.764614640420974e-7,placenta associated 8 [Source:HGNC Symbol;Acc:HGNC:19254]
XAF1,597.0776315401891,2.2520027604927946,0.4466268748762574,6.633799291432128e-9,1.7534828545678503e-6,XIAP associated factor 1 [Source:HGNC Symbol;Acc:HGNC:30932]
VNN2,5023.013694756608,2.251574886844762,1.0078468703808567,1.3504531442501294e-4,0.0026592450704933765,vanin 2 [Source:HGNC Symbol;Acc:HGNC:12706]
RTP4,395.8765110514842,2.2440644257744444,0.40990139182902696,8.197612410007568e-10,4.436860126292667e-7,receptor transporter protein 4 [Source:HGNC Symbol;Acc:HGNC:23992]
OSM,210.5994942282804,2.2349293147067595,0.37905235276097576,4.8835104615049376e-11,5.5505979905465116e-8,oncostatin M [Source:HGNC Symbol;Acc:HGNC:8506]
CD274,1032.041520201591,2.2238520763312013,0.40001973183613204,1.986167477742693e-10,1.4109237220014656e-7,CD274 molecule [Source:HGNC Symbol;Acc:HGNC:17635]
CASP5,693.0329548483763,2.191681039230426,0.6408273879754008,6.366215744499346e-6,2.67994104266591e-4,caspase 5 [Source:HGNC Symbol;Acc:HGNC:1506]
PFKFB3,4584.017737464895,2.1654090291556183,0.4240566308615647,1.5318049874134061e-9,6.96419819477631e-7,"6-phosphofructo-2-kinase/fructose-2,6-biphosphatase 3 [Source:HGNC Symbol;Acc:HGNC:8874]"
CCR1,1125.0687770873826,2.1475801266259764,0.3583156510503933,2.180866670235963e-11,2.754192285989106e-8,C-C motif chemokine receptor 1 [Source:HGNC Symbol;Acc:HGNC:1602]
TNFSF13B,2766.4410609378606,2.1372117786785183,0.43575830102562685,7.524936630350242e-9,1.9006317720124634e-6,TNF superfamily member 13b [Source:HGNC Symbol;Acc:HGNC:11929]
DTX3L,3115.26538164901,2.1367561490772995,0.4043925425220852,1.4040640482343262e-9,6.764614640420974e-7,deltex E3 ubiquitin ligase 3L [Source:HGNC Symbol;Acc:HGNC:30323]
TRIM25,8403.928008090048,2.1023974783571973,0.4176373645304028,5.208200739933494e-9,1.5578002528969497e-6,tripartite motif containing 25 [Source:HGNC Symbol;Acc:HGNC:12932]
FBXO6,207.07936657671507,2.096780009679158,0.4257621495555217,2.7322306059591127e-8,4.500656966279894e-6,F-box protein 6 [Source:HGNC Symbol;Acc:HGNC:13585]
CNP,2374.2433550197748,2.0868046629849233,0.36754770986353447,1.7899811363240464e-10,1.4109237220014656e-7,"2',3'-cyclic nucleotide 3' phosphodiesterase [Source:HGNC Symbol;Acc:HGNC:2158]"
SLFN13,679.3288157312884,2.078629130512705,0.6810256328452574,4.209161338321827e-5,0.0010631406171414642,schlafen family member 13 [Source:HGNC Symbol;Acc:HGNC:26481]
CSRNP1,1628.9707940808175,2.0609898201393775,0.3090315008408473,4.333953510812756e-13,8.209952600649631e-10,cysteine and serine rich nuclear protein 1 [Source:HGNC Symbol;Acc:HGNC:14300]
TMBIM6,33.886036072828404,2.0396113345302225,0.4505142658653258,1.9601572204116752e-7,2.0439584373577155e-5,transmembrane BAX inhibitor motif containing 6 [Source:HGNC Symbol;Acc:HGNC:11723]
CORO2A,591.4423961521907,2.0260583708850244,0.8365660887546316,9.059939976384379e-5,0.0019392707678264568,coronin 2A [Source:HGNC Symbol;Acc:HGNC:2255]
SLFN12,409.9716624849465,2.0061701116368233,0.4444433312703936,5.8839857707080215e-8,8.283097242886615e-6,schlafen family member 12 [Source:HGNC Symbol;Acc:HGNC:25500]
SLFN5,11340.457754102064,1.997645497592436,0.4474231905063268,2.8861877772584033e-8,4.620339475537889e-6,schlafen family member 5 [Source:HGNC Symbol;Acc:HGNC:28286]
LGALS8,1100.8309984887303,1.995735892121235,0.4048266461509795,7.454133387145924e-9,1.9006317720124634e-6,galectin 8 [Source:HGNC Symbol;Acc:HGNC:6569]
MR1,292.1054867286832,1.987911549973952,0.4052070777380084,1.8382094348269662e-8,3.5061182473025597e-6,"major histocompatibility complex, class I-related [Source:HGNC Symbol;Acc:HGNC:4975]"
IFI6,7383.269971573458,1.9777477952794529,1.0772845197753886,7.442816760213138e-4,0.009661975988128955,interferon alpha inducible protein 6 [Source:HGNC Symbol;Acc:HGNC:4054]
RHBDF2,1612.8930408636152,1.9748201288543006,0.40268926079766887,1.0249498551996254e-8,2.3774653171834576e-6,rhomboid 5 homolog 2 [Source:HGNC Symbol;Acc:HGNC:20788]
DYSF,4265.662342445631,1.9740481528406035,0.6880409026599106,3.2317761520267454e-5,8.642910057396702e-4,dysferlin [Source:HGNC Symbol;Acc:HGNC:3097]
DDX60L,12485.72459716438,1.9652935274371204,0.6467186190257321,2.011537376768952e-5,6.195971226112712e-4,DExD/H-box 60 like [Source:HGNC Symbol;Acc:HGNC:26429]
BARD1,308.94036632559204,1.9612801491762355,0.40993701732075,2.242023477239964e-8,3.981693569110849e-6,BRCA1 associated RING domain 1 [Source:HGNC Symbol;Acc:HGNC:952]
TIFA,393.0433452829128,1.9571860541997463,0.4265819359512436,3.872901919899214e-8,5.855776202903471e-6,TRAF interacting protein with forkhead associated domain [Source:HGNC Symbol;Acc:HGNC:19075]
FDXR,189.51390903843705,1.9460560097942075,0.35355508954660286,1.3168878956900182e-9,6.764614640420974e-7,ferredoxin reductase [Source:HGNC Symbol;Acc:HGNC:3642]
SLC18B1,452.11412084998057,1.9197282709307157,0.39696385147802343,1.7185919310145924e-8,3.5009875285259445e-6,solute carrier family 18 member B1 [Source:HGNC Symbol;Acc:HGNC:21573]
TRIM14,849.0862055534492,1.9128881723812943,0.6115474603133717,3.455889700533198e-5,8.979837703628902e-4,tripartite motif containing 14 [Source:HGNC Symbol;Acc:HGNC:16283]
PML,2244.6432066032285,1.903818790558581,0.42129856159781487,9.865879975518875e-8,1.2188651282798644e-5,PML nuclear body scaffold [Source:HGNC Symbol;Acc:HGNC:9113]
PARP9,2367.4998253703156,1.8873847728273436,0.380001379164692,8.933634951793504e-9,2.11541030962677e-6,poly(ADP-ribose) polymerase family member 9 [Source:HGNC Symbol;Acc:HGNC:24118]
HMOX1,591.4113074405788,1.8805287115540517,0.4705070482907775,5.448198756457356e-7,4.3608610609784726e-5,heme oxygenase 1 [Source:HGNC Symbol;Acc:HGNC:5013]
ATP9A,611.1391857641598,1.8636775436805488,1.1194574185751445,4.957639879174301e-4,0.007141766142800394,ATPase phospholipid transporting 9A (putative) [Source:HGNC Symbol;Acc:HGNC:13540]
ARMCX1,282.10966048218233,1.8562828560823865,0.38043145271419937,2.468296581787951e-8,4.250705901303311e-6,armadillo repeat containing X-linked 1 [Source:HGNC Symbol;Acc:HGNC:18073]
IL1B,1777.0583662802665,1.8530746873670914,0.32878757354329063,1.9319380451837455e-10,1.4109237220014656e-7,interleukin 1 beta [Source:NCBI gene (formerly Entrezgene);Acc:102119749]
TRIM6,342.542172285689,1.8448430968528644,0.4237406794174198,2.211933287550823e-7,2.2855303405729686e-5,tripartite motif containing 6 [Source:HGNC Symbol;Acc:HGNC:16277]
DBF4B,345.61269039868404,1.8403359872018266,0.40267826149538277,9.348422522679804e-8,1.1755415760658728e-5,DBF4 zinc finger B [Source:HGNC Symbol;Acc:HGNC:17883]
GBP3,19885.467573892485,1.8339695507459637,0.7112456209659451,7.603701916277734e-5,0.0016912656747634584,guanylate binding protein 3 [Source:HGNC Symbol;Acc:HGNC:4184]
CMTR1,1787.8580290799755,1.8190741674849507,0.4320026290444941,4.948036762324573e-7,4.146330084980068e-5,cap methyltransferase 1 [Source:HGNC Symbol;Acc:HGNC:21077]
TREX1,762.5911025197196,1.815628849155798,0.3407246315548706,1.8979716616683457e-9,7.704409252329435e-7,three prime repair exonuclease 1 [Source:HGNC Symbol;Acc:HGNC:12269]
NRG1,142.71008450356703,1.776842608373639,0.36667092487624764,1.878880746211042e-8,3.5061182473025597e-6,neuregulin 1 [Source:HGNC Symbol;Acc:HGNC:7997]
FAM241A,419.4637902065801,1.7460591718371774,0.44046900096677566,7.759921604309832e-7,5.273620250562317e-5,family with sequence similarity 241 member A [Source:HGNC Symbol;Acc:HGNC:26813]
GNB4,1942.9085378678167,1.743227606815964,0.4336216263759018,6.088006541750664e-7,4.694888553529843e-5,G protein subunit beta 4 [Source:HGNC Symbol;Acc:HGNC:20731]
GBP7,3095.5580325328992,1.7386511193306535,0.4445994228314028,1.5077771271952488e-6,8.788407603949332e-5,guanylate binding protein 7 [Source:HGNC Symbol;Acc:HGNC:29606]
TRIM21,712.6032234022758,1.7291944264188173,0.4106952376651254,4.1136777509098054e-7,3.616698504701244e-5,tripartite motif containing 21 [Source:HGNC Symbol;Acc:HGNC:11312]
UNC93B1,1694.186036371491,1.7226672865258819,0.3758891263957988,7.069147112839445e-8,9.565229295777753e-6,"unc-93 homolog B1, TLR signaling regulator [Source:HGNC Symbol;Acc:HGNC:13481]"
PARP12,1858.2544174584089,1.7144612464479971,0.37388696088244355,7.713292124499427e-8,9.962417987165964e-6,poly(ADP-ribose) polymerase family member 12 [Source:HGNC Symbol;Acc:HGNC:21919]
SLC25A33,198.25226803818418,1.7106882825538303,0.42625448413000694,7.776782034945998e-7,5.273620250562317e-5,solute carrier family 25 member 33 [Source:HGNC Symbol;Acc:HGNC:29681]
GCA,3976.8175196758198,1.6995737478372712,0.4750489791708503,2.964938094554019e-6,1.5387893325434236e-4,grancalcin [Source:HGNC Symbol;Acc:HGNC:15990]
GBP6,734.2495823918694,1.696681555365798,0.4492062638120022,2.654464752623636e-6,1.4098432887065535e-4,guanylate binding protein family member 6 [Source:HGNC Symbol;Acc:HGNC:25395]
IFI35,978.2877213936496,1.662275220596921,0.35587693310213697,5.902963898238745e-8,8.283097242886615e-6,interferon induced protein 35 [Source:HGNC Symbol;Acc:HGNC:5399]
OSR2,26.083197185623167,1.6553585970738232,0.43040090484771193,4.275526918111314e-6,1.9618354001027752e-4,odd-skipped related transciption factor 2 [Source:HGNC Symbol;Acc:HGNC:15830]
CMKLR1,68.41099394037776,1.6491183912566323,0.35050450229000757,8.364353179961317e-8,1.068193688128543e-5,chemerin chemokine-like receptor 1 [Source:HGNC Symbol;Acc:HGNC:2121]
PHF11,1439.0569012179121,1.64782337725739,0.3534163590904265,4.4774376066215684e-8,6.524430235494968e-6,PHD finger protein 11 [Source:HGNC Symbol;Acc:HGNC:17024]
CD163,2604.1103203273015,1.6443320574863902,0.4286553605098051,1.294643211741654e-6,7.76288432133077e-5,CD163 molecule [Source:HGNC Symbol;Acc:HGNC:1631]
CCR2,751.1873061040163,1.6434197993063264,0.3444378541801505,2.6290682964481085e-8,4.459998545884955e-6,C-C motif chemokine receptor 2 [Source:HGNC Symbol;Acc:HGNC:1603]
SDC3,178.0518713667126,1.6393992204190417,0.4021670603943988,1.497886724626673e-6,8.775763150570498e-5,syndecan 3 [Source:HGNC Symbol;Acc:HGNC:10660]
PI4K2B,1925.8398318642053,1.6194346104311628,0.33269493761513613,1.9071316526621927e-8,3.5061182473025597e-6,phosphatidylinositol 4-kinase type 2 beta [Source:HGNC Symbol;Acc:HGNC:18215]
OR52B6,26.31955614572718,1.6013792495450867,0.3684997779756172,6.70613188912599e-7,4.9175416162455485e-5,olfactory receptor family 52 subfamily B member 6 [Source:HGNC Symbol;Acc:HGNC:15211]
LAP3,1065.6923817536444,1.600837661753591,0.3711148724128133,2.9162578913586493e-7,2.785393881780034e-5,leucine aminopeptidase 3 [Source:HGNC Symbol;Acc:HGNC:18449]
MCEMP1,108.15765929672513,1.5907145645070766,0.5414372202159402,4.142185250800582e-5,0.001050894588406237,mast cell expressed membrane protein 1 [Source:HGNC Symbol;Acc:HGNC:27291]
PTGS2,1766.918294126923,1.5889306715717446,0.4252491075562131,2.5353556377373996e-6,1.3657275913992077e-4,prostaglandin-endoperoxide synthase 2 [Source:HGNC Symbol;Acc:HGNC:9605]
TDRD7,1986.2086939123412,1.5877418449222216,0.37764218937659877,4.098967548668318e-7,3.616698504701244e-5,tudor domain containing 7 [Source:HGNC Symbol;Acc:HGNC:30831]
LYPD8,88.96508387692343,1.5765998064321431,0.34643845755891634,1.5273972021093002e-7,1.6533711046832673e-5,LY6/PLAUR domain containing 8 [Source:HGNC Symbol;Acc:HGNC:44208]
ZCCHC2,2888.8504415089646,1.576210610338687,0.3530763353012581,1.5649554877326122e-7,1.678045667317818e-5,zinc finger CCHC-type containing 2 [Source:HGNC Symbol;Acc:HGNC:22916]
TRAFD1,3337.0458002516466,1.5661772382477155,0.3507153760920752,1.4658908144360608e-7,1.6334622545961047e-5,TRAF-type zinc finger domain containing 1 [Source:HGNC Symbol;Acc:HGNC:24808]
IL1RAP,5040.06122738619,1.5648013958036535,0.3456903201493937,1.1137802926094815e-7,1.318669458937434e-5,interleukin 1 receptor accessory protein [Source:HGNC Symbol;Acc:HGNC:5995]
PLD1,207.39437963899206,1.564243682007321,0.3456552447936007,1.0008701625551357e-7,1.2232140072689971e-5,phospholipase D1 [Source:HGNC Symbol;Acc:HGNC:9067]
TREM2,63.820954558990366,1.5625168539250025,0.4506350547353204,1.1716590000528498e-5,4.309733396310903e-4,triggering receptor expressed on myeloid cells 2 [Source:HGNC Symbol;Acc:HGNC:17761]
SP140L,1785.3045375736638,1.5568562398570145,0.36187041229874284,2.8162390115482557e-7,2.712658695360803e-5,SP140 nuclear body protein like [Source:HGNC Symbol;Acc:HGNC:25105]
CDHR5,77.7938021593855,1.5491390326432402,0.3366700707593432,1.8790612690323085e-7,1.977537998501965e-5,cadherin related family member 5 [Source:HGNC Symbol;Acc:HGNC:7521]
FNDC3B,4960.864199554,1.5481669067295565,0.3208772042588243,2.4331308062858302e-8,4.250705901303311e-6,fibronectin type III domain containing 3B [Source:HGNC Symbol;Acc:HGNC:24670]
STAT1,11099.987025376817,1.5439491903257103,0.3784466730834476,8.472902204877899e-7,5.534655543715069e-5,signal transducer and activator of transcription 1 [Source:HGNC Symbol;Acc:HGNC:11362]
SOD2,18319.037724569644,1.5376404328976316,0.29877095316327623,4.6349810703442255e-9,1.4238160769062828e-6,superoxide dismutase 2 [Source:HGNC Symbol;Acc:HGNC:11180]
KCNJ2,1076.721645592739,1.5316975950012568,0.30714501198268435,1.1134917315410397e-8,2.5311894041390914e-6,potassium inwardly rectifying channel subfamily J member 2 [Source:HGNC Symbol;Acc:HGNC:6263]
APOL2,3041.6324582911575,1.5297422728175323,0.39170005615935266,2.5704568587020063e-6,1.3762158834202846e-4,apolipoprotein L2 [Source:HGNC Symbol;Acc:HGNC:619]
DEPTOR,25.291489751790316,1.5105732103418132,0.34879517909639873,8.083351913839287e-7,5.341591735621938e-5,DEP domain containing MTOR interacting protein [Source:HGNC Symbol;Acc:HGNC:22953]
CFH,104.74831685292715,1.5049642671073742,0.33003771658352193,1.4169881739661405e-7,1.600501167308068e-5,complement factor H [Source:HGNC Symbol;Acc:HGNC:4883]
GPR84,667.1316273250683,1.503003051747419,1.1815197489726537,8.238372841709367e-4,0.010450596620409449,G protein-coupled receptor 84 [Source:HGNC Symbol;Acc:HGNC:4535]
S100P,556.4285751296222,1.4969487898912932,0.45457140907664473,1.3103542889455384e-5,4.625306474582295e-4,S100 calcium binding protein P [Source:HGNC Symbol;Acc:HGNC:10504]
PSTPIP2,880.1468840887727,1.493835275900345,0.40545916196530285,4.002288322409397e-6,1.903347659937456e-4,proline-serine-threonine phosphatase interacting protein 2 [Source:HGNC Symbol;Acc:HGNC:9581]
STK3,114.06628485577232,1.4913786597150385,0.37341368535564906,2.5790426110198895e-6,1.3762158834202846e-4,serine/threonine kinase 3 [Source:HGNC Symbol;Acc:HGNC:11406]
ANXA3,1977.1564067819704,1.4901463779800357,0.34473042756197736,2.4553624084546634e-7,2.42487499523316e-5,annexin A3 [Source:HGNC Symbol;Acc:HGNC:541]
UPP1,897.5002941008333,1.4867215476329718,0.3749501965062133,1.246134390502399e-6,7.533810363005461e-5,uridine phosphorylase 1 [Source:HGNC Symbol;Acc:HGNC:12576]
MOB3C,1167.510048749997,1.4822555663227588,0.35447862912676087,5.805752775064875e-7,4.5509093821646464e-5,MOB kinase activator 3C [Source:HGNC Symbol;Acc:HGNC:29800]
SLC26A8,70.32828317512134,1.4698352541721167,0.43330225143763357,1.2231594394838376e-5,4.39950322442193e-4,solute carrier family 26 member 8 [Source:HGNC Symbol;Acc:HGNC:14468]
IFITM1,6176.888041618765,1.4675187488548276,0.31884894241666395,1.252050161241616e-7,1.4521226665992049e-5,interferon induced transmembrane protein 1 [Source:HGNC Symbol;Acc:HGNC:5412]
RAB44,295.1735526765959,1.4655902862469476,0.368467855622634,1.55029616257099e-6,8.89932635544539e-5,"RAB44, member RAS oncogene family [Source:HGNC Symbol;Acc:HGNC:21068]"
TSPO,828.4068003603496,1.4626973391512845,0.33840178346088423,3.1313082241617605e-7,2.9658707729852143e-5,translocator protein [Source:HGNC Symbol;Acc:HGNC:1158]
ALPK1,1330.8092036016938,1.4609679071000146,0.20907459542127818,6.95856797832259e-14,1.977277091040364e-10,alpha kinase 1 [Source:HGNC Symbol;Acc:HGNC:20917]
APOL6,1924.4375630581437,1.4595526573212865,0.7410421559256828,8.025786657761327e-4,0.010253096288576315,apolipoprotein L6 [Source:HGNC Symbol;Acc:HGNC:14870]
HEBP1,333.75232797834457,1.4395861950620825,0.50408653753108,6.022583409649894e-5,0.0014201801459352843,heme binding protein 1 [Source:HGNC Symbol;Acc:HGNC:17176]
MS4A6A,475.79855424058707,1.436804723134591,0.34896104996857524,7.048788858142039e-7,5.0387757334366305e-5,membrane spanning 4-domains A6A [Source:HGNC Symbol;Acc:HGNC:13375]
OGFR,649.4874079918274,1.4349084041689557,0.4363460812075641,1.8622789565248346e-5,5.91247559214002e-4,opioid growth factor receptor [Source:HGNC Symbol;Acc:HGNC:15768]
NIBAN1,7007.167687799318,1.4345471097483555,0.30755715203884226,5.1495337049889066e-8,7.408810138089103e-6,niban apoptosis regulator 1 [Source:HGNC Symbol;Acc:HGNC:16784]
SERPINB1,6661.856645828789,1.4344422143358941,0.3632595182150896,1.3785419697242901e-6,8.160681264524105e-5,serpin family B member 1 [Source:HGNC Symbol;Acc:HGNC:3311]
HK3,2619.1826774721594,1.4326400797787209,0.45532278153425565,1.9857903080152685e-5,6.166801268005886e-4,hexokinase 3 [Source:HGNC Symbol;Acc:HGNC:4925]
TLR5,933.8990574007101,1.4314402031333389,0.34449972106584587,5.192821907889996e-7,4.246159266552352e-5,toll like receptor 5 [Source:HGNC Symbol;Acc:HGNC:11851]
LDLRAD3,270.43718887496817,1.4278603789380058,0.38505573123330006,3.975415978411355e-6,1.8985116811186327e-4,low density lipoprotein receptor class A domain containing 3 [Source:HGNC Symbol;Acc:HGNC:27046]
EPAS1,454.7627403707479,1.4272388429023832,0.31362065376928716,1.5088224769150768e-7,1.6489688723669964e-5,endothelial PAS domain protein 1 [Source:HGNC Symbol;Acc:HGNC:3374]
FCN1,2134.8597274662025,1.4180770249864896,0.41758105841523174,9.28372585498831e-6,3.638580278199901e-4,ficolin 1 [Source:HGNC Symbol;Acc:HGNC:3623]
UBE2L6,3228.3297226644463,1.411304587642685,0.3995078845645395,8.637722442200657e-6,3.493820401354187e-4,ubiquitin conjugating enzyme E2 L6 [Source:HGNC Symbol;Acc:HGNC:12490]
PHACTR2,1680.0345144996238,1.4073930002309558,0.48394420021977247,4.306339995025283e-5,0.0010828730173331276,phosphatase and actin regulator 2 [Source:HGNC Symbol;Acc:HGNC:20956]
NAGK,1859.0629805233214,1.4058595610626612,0.3697306515703646,2.8813414917030963e-6,1.5161725645693237e-4,N-acetylglucosamine kinase [Source:HGNC Symbol;Acc:HGNC:17174]
RBFOX2,23.367753041362427,1.404553074949806,0.39405854775463367,1.8590905387224743e-5,5.91247559214002e-4,RNA binding fox-1 homolog 2 [Source:HGNC Symbol;Acc:HGNC:9906]
CLEC4D,160.56720554836215,1.4033876869752069,0.8265695167744666,9.285219240009281e-4,0.011440401654313804,C-type lectin domain family 4 member D [Source:HGNC Symbol;Acc:HGNC:14554]
CCRL2,1028.6275251792342,1.4005662770188059,0.2663578028819458,3.2586515956989973e-9,1.1223586071731758e-6,C-C motif chemokine receptor like 2 [Source:HGNC Symbol;Acc:HGNC:1612]
NAPA,2090.4524907531086,1.3948816152636176,0.3566398316451229,2.303334172682841e-6,1.277058351546984e-4,NSF attachment protein alpha [Source:HGNC Symbol;Acc:HGNC:7641]
TBC1D8,785.2615900716694,1.393601258494532,0.42179108102506035,1.334939955646116e-5,4.6975007851002336e-4,TBC1 domain family member 8 [Source:HGNC Symbol;Acc:HGNC:17791]
TYMP,4313.82827611673,1.3878139846128295,0.39464553397589375,9.727852411696172e-6,3.74802611902843e-4,thymidine phosphorylase [Source:HGNC Symbol;Acc:HGNC:3148]
TBC1D24,437.5089723756679,1.3874192572586632,0.38292149060298525,5.5466591389089404e-6,2.403155360433261e-4,TBC1 domain family member 24 [Source:HGNC Symbol;Acc:HGNC:29203]
STAT2,9983.307876340055,1.381375182472401,0.3820812812402985,6.678329483117437e-6,2.790657827393853e-4,signal transducer and activator of transcription 2 [Source:HGNC Symbol;Acc:HGNC:11363]
PYGL,5840.163948249498,1.380749354098496,0.46477545485677507,3.9003523802379115e-5,9.962113517704293e-4,glycogen phosphorylase L [Source:HGNC Symbol;Acc:HGNC:9725]
CASP1,2530.254444204534,1.3741050396996142,0.3395887973513519,9.254665687318208e-7,5.9428548136756356e-5,caspase 1 [Source:HGNC Symbol;Acc:HGNC:1499]
C4orf33,202.34512223487096,1.373248095326066,0.3502188627371085,1.96303433233346e-6,1.1045469416486191e-4,chromosome 4 open reading frame 33 [Source:HGNC Symbol;Acc:HGNC:27025]
LMNB1,1427.039964502552,1.3707633364610075,0.3146652174382436,2.338307341764569e-7,2.3519647120793003e-5,lamin B1 [Source:HGNC Symbol;Acc:HGNC:6637]
GAS7,1740.486867369239,1.3692707812235927,0.34820171124159904,1.7988999601544856e-6,1.0172287038366111e-4,growth arrest specific 7 [Source:HGNC Symbol;Acc:HGNC:4169]
IL4R,1353.3059972446629,1.3660642596425328,0.29454103370301027,1.0581802222017241e-7,1.2792707781759963e-5,interleukin 4 receptor [Source:HGNC Symbol;Acc:HGNC:6015]
KCNJ15,1120.0788161443927,1.3575536549897542,0.3354032629764018,9.701706982261926e-7,6.160312936334584e-5,potassium inwardly rectifying channel subfamily J member 15 [Source:HGNC Symbol;Acc:HGNC:6261]
TMEM123,6112.150060079437,1.3551009855628748,0.34708488535077,2.3807864917507007e-6,1.3072473074994428e-4,transmembrane protein 123 [Source:HGNC Symbol;Acc:HGNC:30138]
LGALS3BP,2727.9377281892753,1.3526567620293788,0.40965328895500164,2.0696203848965983e-5,6.323469165251274e-4,galectin 3 binding protein [Source:HGNC Symbol;Acc:HGNC:6564]
CSTA,194.3475806073633,1.3504618366046075,0.41826322441244634,2.307655588909901e-5,6.777471168875952e-4,cystatin A [Source:HGNC Symbol;Acc:HGNC:2481]
TRIM5,3375.1902909602295,1.3496935662476528,0.3500843172219106,2.4468648887603064e-6,1.3306730299353896e-4,tripartite motif containing 5 [Source:HGNC Symbol;Acc:HGNC:16276]
DAPP1,1420.742779302481,1.3449699755102327,0.32459935258197686,7.777275116682821e-7,5.273620250562317e-5,dual adaptor of phosphotyrosine and 3-phosphoinositides 1 [Source:HGNC Symbol;Acc:HGNC:16500]
DYNLT1,721.8138694567157,1.3445159293864368,0.43301439209665205,3.3357889926925337e-5,8.83789689765579e-4,dynein light chain Tctex-type 1 [Source:HGNC Symbol;Acc:HGNC:11697]
AP5B1,1732.5128835095643,1.3434791063566405,0.3636579310728237,4.280619208388952e-6,1.9618354001027752e-4,adaptor related protein complex 5 subunit beta 1 [Source:HGNC Symbol;Acc:HGNC:25104]
HIRA,1094.968152722595,1.3423800467915918,0.3042295490459088,3.1975720132651395e-7,3.003603595270378e-5,histone cell cycle regulator [Source:HGNC Symbol;Acc:HGNC:4916]
FPR2,880.1254065828302,1.3394543977731301,0.40166274713010663,1.374200813852077e-5,4.791155352835187e-4,formyl peptide receptor 2 [Source:HGNC Symbol;Acc:HGNC:3827]
TRIM26,1359.6688897544088,1.3330054852772117,0.3057596943148451,3.6193865694783095e-7,3.344548597454509e-5,tripartite motif containing 26 [Source:HGNC Symbol;Acc:HGNC:12962]
PTX3,424.722612365203,1.3317163499242253,1.3876204224275464,0.0011806307506610583,0.013651118120054515,pentraxin 3 [Source:HGNC Symbol;Acc:HGNC:9692]
PIK3AP1,6403.750547311011,1.3262291317047787,0.34096197190969724,2.1549370154766932e-6,1.2006379469562793e-4,phosphoinositide-3-kinase adaptor protein 1 [Source:HGNC Symbol;Acc:HGNC:30034]
TMEM255A,196.788218256873,1.3223696333799286,0.38816289355297634,1.5126578719592861e-5,5.056726286085072e-4,transmembrane protein 255A [Source:HGNC Symbol;Acc:HGNC:26086]
SCNN1A,22.891543041851023,1.3207443463759903,0.3678049575462451,1.924004175209216e-5,6.024306186068305e-4,sodium channel epithelial 1 subunit alpha [Source:HGNC Symbol;Acc:HGNC:10599]
STK38L,964.9616376610159,1.3120442660846148,0.2508518847969566,4.424267523158315e-9,1.3968395741171503e-6,serine/threonine kinase 38 like [Source:HGNC Symbol;Acc:HGNC:17848]
PEX11G,20.413126626228017,1.3116643406547666,0.34502416144218806,8.998828062627044e-6,3.575396073081199e-4,peroxisomal biogenesis factor 11 gamma [Source:HGNC Symbol;Acc:HGNC:20208]
CYP3A5,46.60304069359212,1.3109304548793876,0.4088586274599425,3.6474771414084964e-5,9.379462712499767e-4,cytochrome P450 family 3 subfamily A member 5 [Source:HGNC Symbol;Acc:HGNC:2638]
TICAM1,756.4764170095821,1.3066540592738594,0.3130661999134823,7.894681486246093e-7,5.273620250562317e-5,TIR domain containing adaptor molecule 1 [Source:HGNC Symbol;Acc:HGNC:18348]
SHFL,595.5543438779949,1.3058152382451285,0.2621361787774317,1.912540307344349e-8,3.5061182473025597e-6,shiftless antiviral inhibitor of ribosomal frameshifting [Source:HGNC Symbol;Acc:HGNC:25649]
SP100,5047.467883071026,1.3041148527235282,0.34747689524659275,3.426576730437981e-6,1.7157035734871405e-4,SP100 nuclear antigen [Source:HGNC Symbol;Acc:HGNC:11206]
NCOA7,1945.056985836964,1.2968524837961535,0.4226151524356497,4.015653415086372e-5,0.0010210719623237516,nuclear receptor coactivator 7 [Source:HGNC Symbol;Acc:HGNC:21081]
MPZL1,4739.506883626537,1.2953764088126583,0.2756624787831341,6.400786919503197e-8,8.76522218398474e-6,myelin protein zero like 1 [Source:HGNC Symbol;Acc:HGNC:7226]
FPR3,237.53859076935802,1.2920555912987237,0.37469471302326074,1.3034338098223135e-5,4.625306474582295e-4,formyl peptide receptor 3 [Source:HGNC Symbol;Acc:HGNC:3828]
S100A9,35652.30881490697,1.2897876047234276,1.0476076129239307,0.0019087586976265008,0.019284401206420276,S100 calcium binding protein A9 [Source:HGNC Symbol;Acc:HGNC:10499]
PARP10,3408.8063372215847,1.2857288941754326,0.38160783901337897,1.803942337516912e-5,5.808387707710261e-4,poly(ADP-ribose) polymerase family member 10 [Source:HGNC Symbol;Acc:HGNC:25895]
ADAR,18408.267929896767,1.283128863741393,0.3427959360215612,4.116814441693716e-6,1.9364319079975318e-4,adenosine deaminase RNA specific [Source:HGNC Symbol;Acc:HGNC:225]
AQP9,402.5915114030926,1.2824509001544937,0.35793711898781533,6.854035581433281e-6,2.8431740298748417e-4,aquaporin 9 [Source:HGNC Symbol;Acc:HGNC:643]
PPP1R3B,407.28431316753097,1.282319081998168,0.3856926733638795,1.5957199486315955e-5,5.272370039577532e-4,protein phosphatase 1 regulatory subunit 3B [Source:HGNC Symbol;Acc:HGNC:14942]
ACSL1,9191.493142583686,1.2822607962446928,0.3781011201764916,1.4459901883620357e-5,4.906007307738179e-4,acyl-CoA synthetase long chain family member 1 [Source:HGNC Symbol;Acc:HGNC:3569]
SCO2,129.51604635901307,1.2759776605873163,0.2490258472969479,1.2609399192633137e-8,2.7041213438390235e-6,synthesis of cytochrome C oxidase 2 [Source:HGNC Symbol;Acc:HGNC:10604]
LIPA,438.83741759610047,1.2754507783764448,0.3104816779439066,1.1179606238465213e-6,6.98172552232943e-5,"lipase A, lysosomal acid type [Source:HGNC Symbol;Acc:HGNC:6617]"
FLOT1,1128.7787333342535,1.2725594245221765,0.3629757009230017,9.611858548975282e-6,3.728613797530821e-4,flotillin 1 [Source:HGNC Symbol;Acc:HGNC:3757]
TASL,365.22972042589964,1.2710021854128353,0.33761475883155073,4.1530052495609465e-6,1.9364319079975318e-4,TLR adaptor interacting with endolysosomal SLC15A4 [Source:HGNC Symbol;Acc:HGNC:25667]
C21orf91,2866.926994449502,1.2676431561406676,0.2994028950266881,6.411241502666514e-7,4.77309356111175e-5,chromosome 21 open reading frame 91 [Source:HGNC Symbol;Acc:HGNC:16459]
MILR1,606.0181426258494,1.2629174818362499,0.35705324905351604,8.877546290814934e-6,3.5404277593474576e-4,mast cell immunoglobulin like receptor 1 [Source:HGNC Symbol;Acc:HGNC:27570]
BICC1,56.81166694405267,1.2623588600724576,0.2786947782009607,4.066081622443413e-7,3.616698504701244e-5,BicC family RNA binding protein 1 [Source:HGNC Symbol;Acc:HGNC:19351]
KCNQ1,126.47692616123685,1.257757635874753,0.24136632468726982,8.824906385707578e-9,2.11541030962677e-6,potassium voltage-gated channel subfamily Q member 1 [Source:HGNC Symbol;Acc:HGNC:6294]
SAMD9,7750.626510729742,1.253018319572191,0.3548311612107531,7.3441516544700974e-6,3.035404643807532e-4,sterile alpha motif domain containing 9 [Source:HGNC Symbol;Acc:HGNC:1348]
TRPM2,777.3132044462608,1.2518425695812643,0.7213566581693778,9.878506950642026e-4,0.011981023448853398,transient receptor potential cation channel subfamily M member 2 [Source:HGNC Symbol;Acc:HGNC:12339]
ANKMY2,262.1609254916411,1.247745099621945,0.34631027100357065,8.44351406475612e-6,3.4412630990706826e-4,ankyrin repeat and MYND domain containing 2 [Source:HGNC Symbol;Acc:HGNC:25370]
KLHL2,1429.6239797090648,1.2465546994054684,0.3294462428615695,3.865592910018247e-6,1.8776208980883505e-4,kelch like family member 2 [Source:HGNC Symbol;Acc:HGNC:6353]
HSH2D,2408.9124537579237,1.2461346231433161,0.3770273142143853,2.190053757131499e-5,6.522680958044735e-4,hematopoietic SH2 domain containing [Source:HGNC Symbol;Acc:HGNC:24920]
DPYD,959.9130505990671,1.2406263833278646,0.27349023400727013,1.4222296137437523e-7,1.600501167308068e-5,dihydropyrimidine dehydrogenase [Source:HGNC Symbol;Acc:HGNC:3012]
CCDC30,36.98669557251357,1.2378797449120056,0.33314981747702516,8.866570311608932e-6,3.5404277593474576e-4,coiled-coil domain containing 30 [Source:HGNC Symbol;Acc:HGNC:26103]
LIMK2,5963.597661546388,1.2357401822898608,0.29267847679878817,6.429509621892492e-7,4.77309356111175e-5,LIM domain kinase 2 [Source:HGNC Symbol;Acc:HGNC:6614]
MKNK1,1603.1013186199202,1.2350871876141851,0.3140370131559051,2.4662191952781394e-6,1.3348117796919683e-4,MAPK interacting serine/threonine kinase 1 [Source:HGNC Symbol;Acc:HGNC:7110]
STX11,2155.538352368011,1.2337345286238726,0.3606465399050655,1.3669603467596172e-5,4.7805757850060955e-4,syntaxin 11 [Source:HGNC Symbol;Acc:HGNC:11429]
SLC25A37,2938.7668259124343,1.227624444076974,0.28264618933290775,4.134640974941724e-7,3.616698504701244e-5,solute carrier family 25 member 37 [Source:HGNC Symbol;Acc:HGNC:29786]
UGCG,292.67230614660537,1.2224259576116427,0.36421113864498916,2.1332800613919448e-5,6.448633291962991e-4,UDP-glucose ceramide glucosyltransferase [Source:HGNC Symbol;Acc:HGNC:12524]
HELB,1113.7487716149012,1.2223116364903663,0.2869477356879861,5.369510749884502e-7,4.328358807318245e-5,DNA helicase B [Source:HGNC Symbol;Acc:HGNC:17196]
MYD88,2247.6649850711124,1.2177374888048835,0.2714742384186312,2.289811460642894e-7,2.3335896689820766e-5,MYD88 innate immune signal transduction adaptor [Source:HGNC Symbol;Acc:HGNC:7562]
RAB39A,83.06264721761909,1.2140482128852839,0.2836971324111407,7.934093461606161e-7,5.273620250562317e-5,"RAB39A, member RAS oncogene family [Source:HGNC Symbol;Acc:HGNC:16521]"
PIM2,1363.6748473186406,1.2119324465752837,0.24713612649507538,3.915528694533379e-8,5.855776202903471e-6,"Pim-2 proto-oncogene, serine/threonine kinase [Source:HGNC Symbol;Acc:HGNC:8987]"
AKR1C1,88.34649404373813,1.209979445041869,0.346753085760976,1.434632041788361e-5,4.88456535145158e-4,aldo-keto reductase family 1 member C1 [Source:HGNC Symbol;Acc:HGNC:384]
SHOC1,61.775498982126244,1.2014971166188704,0.33208902135160384,1.093552096735734e-5,4.1020835417486317e-4,shortage in chiasmata 1 [Source:HGNC Symbol;Acc:HGNC:26535]
ITPRIPL2,23.52981413663827,1.192547950972251,0.47978828283272806,6.094534335094547e-4,0.00832577851594767,ITPRIP like 2 [Source:HGNC Symbol;Acc:HGNC:27257]
CD163L1,89.60899707410816,1.1917834407290335,0.3651655174597385,3.1366858774021e-5,8.448239735201961e-4,CD163 molecule like 1 [Source:HGNC Symbol;Acc:HGNC:30375]
SCLT1,589.9303196848372,1.1915411518750236,0.27902249185674277,6.330658627679847e-7,4.765183176305242e-5,sodium channel and clathrin linker 1 [Source:HGNC Symbol;Acc:HGNC:26406]
VMP1,900.7033552817934,1.1869653443397556,0.26801548908259554,2.758287235394492e-7,2.679546386110581e-5,vacuole membrane protein 1 [Source:HGNC Symbol;Acc:HGNC:29559]
LPCAT2,893.4102748918244,1.185804026704575,0.3493225053594948,1.728569181333378e-5,5.64566589512505e-4,lysophosphatidylcholine acyltransferase 2 [Source:HGNC Symbol;Acc:HGNC:26032]
CASP4,2382.5494369782837,1.185494664596616,0.26175032071313903,1.730221500256689e-7,1.8379156609268717e-5,caspase 4 [Source:HGNC Symbol;Acc:HGNC:1505]
P2RY13,3637.404980923464,1.1827113927482378,0.33863855650261104,1.1215740331780001e-5,4.17330549111004e-4,purinergic receptor P2Y13 [Source:HGNC Symbol;Acc:HGNC:4537]
CETP,38.20545026078511,1.1797278195086507,0.3309797229433137,2.197947217078245e-5,6.522680958044735e-4,cholesteryl ester transfer protein [Source:HGNC Symbol;Acc:HGNC:1869]
EHD4,962.727845830119,1.1771636076602945,0.4401435221121218,1.4353736922657705e-4,0.002775754851545482,EH domain containing 4 [Source:HGNC Symbol;Acc:HGNC:3245]
VHL,1798.286768650979,1.174407239158658,0.3683719939463297,3.396260530827698e-5,8.894446357923415e-4,von Hippel-Lindau tumor suppressor [Source:HGNC Symbol;Acc:HGNC:12687]
GFRA2,28.77046587471874,1.1723281469957927,0.34123691057721206,3.386541663815291e-5,8.889476339705449e-4,GDNF family receptor alpha 2 [Source:HGNC Symbol;Acc:HGNC:4244]
CHMP5,656.9574401643915,1.1700471977951947,0.2787306021960529,7.32045167175155e-7,5.167966068393051e-5,charged multivesicular body protein 5 [Source:HGNC Symbol;Acc:HGNC:26942]
NANS,288.148232501455,1.1686333882990962,0.3251994112286201,9.931811369655794e-6,3.790381391663938e-4,N-acetylneuraminate synthase [Source:HGNC Symbol;Acc:HGNC:19237]
RRP12,739.1459203445046,1.1683321760910286,0.3829143664323281,5.076878458098644e-5,0.0012436163912661463,ribosomal RNA processing 12 homolog [Source:HGNC Symbol;Acc:HGNC:29100]
APOBEC3H,302.35887585291465,1.166886702493572,0.31084408029821725,5.319938637245148e-6,2.3300420762414206e-4,apolipoprotein B mRNA editing enzyme catalytic subunit 3H [Source:HGNC Symbol;Acc:HGNC:24100]
CISH,434.2066852625717,1.1664877773489861,0.37131423380664974,6.888743640475315e-5,0.0015722381569807718,cytokine inducible SH2 containing protein [Source:HGNC Symbol;Acc:HGNC:1984]
LDLR,386.3302305332571,1.1647096233219891,0.33179873931225645,1.2207779316384063e-5,4.39950322442193e-4,low density lipoprotein receptor [Source:HGNC Symbol;Acc:HGNC:6547]
SHROOM4,196.1890583432987,1.1627834349846582,0.43717439474707054,1.8343447954082882e-4,0.003357353131177231,shroom family member 4 [Source:HGNC Symbol;Acc:HGNC:29215]
HCK,3524.3635597098983,1.1624968142262475,0.3135892689822292,5.200614124787997e-6,2.3089914118101709e-4,"HCK proto-oncogene, Src family tyrosine kinase [Source:HGNC Symbol;Acc:HGNC:4840]"
LACTB,671.1468002865251,1.1615334125160899,0.28174359299960394,1.1785769257410995e-6,7.280274640202901e-5,lactamase beta [Source:HGNC Symbol;Acc:HGNC:16468]
TLR4,12206.312740406252,1.1569853331763724,0.2663670190245954,4.2769789599699265e-7,3.682738095380166e-5,toll like receptor 4 [Source:HGNC Symbol;Acc:HGNC:11850]
IL1R1,801.8449967114959,1.156896108292062,0.30401780514989746,3.9518380363046925e-6,1.8952148152168413e-4,interleukin 1 receptor type 1 [Source:HGNC Symbol;Acc:HGNC:5993]
ZNF267,757.9709416214841,1.148606780949724,0.319313981902224,9.391937475269426e-6,3.6683423142237905e-4,zinc finger protein 267 [Source:HGNC Symbol;Acc:HGNC:13060]
ANXA1,2739.262163359754,1.147782118429322,0.29199910703820825,2.9794141241077e-6,1.5392736788458235e-4,annexin A1 [Source:HGNC Symbol;Acc:HGNC:533]
LYZ,4948.951900679271,1.1466972115079432,0.30227808744189066,3.84336660677698e-6,1.8748371181385044e-4,lysozyme [Source:HGNC Symbol;Acc:HGNC:6740]
RFX2,221.40556809773562,1.1405550035346266,0.3394898255524575,2.6815451862471597e-5,7.562888979375984e-4,regulatory factor X2 [Source:HGNC Symbol;Acc:HGNC:9983]
PON2,42.71284438083691,1.1393745590646014,0.30878057755994404,1.4353728905374164e-5,4.88456535145158e-4,paraoxonase 2 [Source:HGNC Symbol;Acc:HGNC:9205]
TMEM201,133.75932690419882,1.1285415294998138,0.294704333032495,5.330027624694434e-6,2.3300420762414206e-4,transmembrane protein 201 [Source:HGNC Symbol;Acc:HGNC:33719]
PATL1,1869.7800776728131,1.1278487899807137,0.30584682638442046,6.2465891243940766e-6,2.6393580664633114e-4,"PAT1 homolog 1, processing body mRNA decay factor [Source:HGNC Symbol;Acc:HGNC:26721]"
TNFAIP6,897.2400832913057,1.1260185460176708,0.4553748346230608,2.2867193929316837e-4,0.003962020216472793,TNF alpha induced protein 6 [Source:HGNC Symbol;Acc:HGNC:11898]
ZNFX1,10199.50875755485,1.125522562666253,0.3117036020550664,8.8099287674086e-6,3.538291532521772e-4,zinc finger NFX1-type containing 1 [Source:HGNC Symbol;Acc:HGNC:29271]
CSF2RB,17333.898800390365,1.124753952067951,0.3035958188440902,6.045733483977226e-6,2.573625722055624e-4,colony stimulating factor 2 receptor subunit beta [Source:HGNC Symbol;Acc:HGNC:2436]
ARHGAP26,4166.501263620401,1.1246520622213039,0.2961833630042085,4.187860062226744e-6,1.9428252027456805e-4,Rho GTPase activating protein 26 [Source:HGNC Symbol;Acc:HGNC:17073]
GM2A,503.321062300553,1.1192691887841681,0.39338477692025164,1.4503553840370629e-4,0.002794023609316145,ganglioside GM2 activator [Source:HGNC Symbol;Acc:HGNC:4367]
FAM111B,1542.7274346241807,1.1145460479858942,0.2752910387565305,1.5470304697308063e-6,8.89932635544539e-5,FAM111 trypsin like peptidase B [Source:HGNC Symbol;Acc:HGNC:24200]
IRF5,822.0983772159968,1.1139638260266616,0.26446549676275766,9.983537913547523e-7,6.304049551410064e-5,interferon regulatory factor 5 [Source:HGNC Symbol;Acc:HGNC:6120]
ARHGEF10L,282.724349880583,1.1116374779323503,0.3236163713501983,1.8332718344175918e-5,5.853080806177064e-4,Rho guanine nucleotide exchange factor 10 like [Source:HGNC Symbol;Acc:HGNC:25540]
CYBB,3218.3166652843775,1.109467166395064,0.31306305352013036,1.1682656946359108e-5,4.309733396310903e-4,cytochrome b-245 beta chain [Source:HGNC Symbol;Acc:HGNC:2578]
ADGRE5,8455.409864231002,1.1089049065487067,0.31044354399443064,1.2187905523969329e-5,4.39950322442193e-4,adhesion G protein-coupled receptor E5 [Source:HGNC Symbol;Acc:HGNC:1711]
HYCC2,1198.876856213144,1.1078908368658509,0.3079587828680293,9.02814246854042e-6,3.575396073081199e-4,family with sequence similarity 126 member B [Source:HGNC Symbol;Acc:HGNC:28593]
PARP15,560.0380095222052,1.104584003127937,0.250814263961109,4.961295896157744e-7,4.146330084980068e-5,poly(ADP-ribose) polymerase family member 15 [Source:HGNC Symbol;Acc:HGNC:26876]
EEF1E1,291.701515743855,1.1034955798661639,0.2818263231589682,2.8597132497477255e-6,1.5117907347271e-4,eukaryotic translation elongation factor 1 epsilon 1 [Source:HGNC Symbol;Acc:HGNC:3212]
ACP3,1049.224880395717,1.100775611983453,0.3317588970548018,2.3382709337211826e-5,6.814560880173066e-4,acid phosphatase 3 [Source:HGNC Symbol;Acc:HGNC:125]
POR,1675.1802385153053,1.0983425287156248,0.36053593472456247,7.139135386267677e-5,0.0016164026454246695,cytochrome p450 oxidoreductase [Source:HGNC Symbol;Acc:HGNC:9208]
SIGLEC5,5781.225304959081,1.0983288301753797,0.3267808104131534,2.005459652296089e-5,6.195971226112712e-4,sialic acid binding Ig like lectin 5 [Source:HGNC Symbol;Acc:HGNC:10874]
TNK2,4203.350906826731,1.0972128648235218,0.3752168098628761,8.541332429015891e-5,0.001856229147001809,tyrosine kinase non receptor 2 [Source:HGNC Symbol;Acc:HGNC:19297]
IL18R1,327.2887808531161,1.0968979353343609,0.45675471400023415,3.734356625792534e-4,0.005759117694539747,interleukin 18 receptor 1 [Source:HGNC Symbol;Acc:HGNC:5988]
MARCHF1,1530.0811130206212,1.096450517241954,0.2904874871660325,5.085514461112233e-6,2.28432473915637e-4,membrane associated ring-CH-type finger 1 [Source:HGNC Symbol;Acc:HGNC:26077]
GK3P,285.7985770190122,1.0957715265372996,0.28168792626152106,3.1191054571571904e-6,1.5897646917510596e-4,glycerol kinase 3 pseudogene [Source:HGNC Symbol;Acc:HGNC:4292]
DDX3X,9375.02599008285,1.0949803106363207,0.2631366052508352,1.1974751117409253e-6,7.357028172998572e-5,DEAD-box helicase 3 X-linked [Source:HGNC Symbol;Acc:HGNC:2745]
PFKFB2,353.4424210957141,1.0947861832636472,0.5185572484188987,5.694949342897055e-4,0.00794218334127214,"6-phosphofructo-2-kinase/fructose-2,6-biphosphatase 2 [Source:HGNC Symbol;Acc:HGNC:8873]"
KCNAB1,34.698624889544234,1.0853961451424805,0.3598474511038104,9.857825519662459e-5,0.0020903739712030507,potassium voltage-gated channel subfamily A regulatory beta subunit 1 [Source:HGNC Symbol;Acc:HGNC:6228]
GTPBP2,1280.6701865816183,1.08439496497164,0.31893806886043413,2.15692192753351e-5,6.502804941205801e-4,GTP binding protein 2 [Source:HGNC Symbol;Acc:HGNC:4670]
CGAS,2836.457782834061,1.0839329852499568,0.3737032372542896,9.053655746930668e-5,0.0019392707678264568,cyclic GMP-AMP synthase [Source:HGNC Symbol;Acc:HGNC:21367]
SNX10,675.4592845630694,1.0838102822628328,0.3320122526929321,2.954861586247823e-5,8.073306920503066e-4,sorting nexin 10 [Source:HGNC Symbol;Acc:HGNC:14974]
TFEC,370.1785437315786,1.0824546954796548,0.3499265281745244,5.885902783033056e-5,0.0013937327298323692,transcription factor EC [Source:HGNC Symbol;Acc:HGNC:11754]
FGL2,9685.637038619736,1.0810158914195331,0.3028769905432119,1.0153578190215677e-5,3.859718050501384e-4,fibrinogen like 2 [Source:HGNC Symbol;Acc:HGNC:3696]
ARG2,718.1163010845996,1.0804378206198233,0.3376512335443085,3.5958973845742305e-5,9.288856743879706e-4,arginase 2 [Source:HGNC Symbol;Acc:HGNC:664]
ANKFY1,4186.600073608328,1.0802176927205314,0.3853824902323981,1.3307736119359183e-4,0.0026351172253072557,ankyrin repeat and FYVE domain containing 1 [Source:HGNC Symbol;Acc:HGNC:20763]
CST7,610.3024888535574,1.0788766205941482,0.3250161056676899,2.6710036628771427e-5,7.562888979375984e-4,cystatin F [Source:HGNC Symbol;Acc:HGNC:2479]
MOV10,1927.9607681544223,1.074672219197985,0.2709782360141794,3.6026862167358893e-6,1.7881280148218393e-4,Mov10 RISC complex RNA helicase [Source:HGNC Symbol;Acc:HGNC:7200]
STN1,474.617058663186,1.0712335710001406,0.3632880401790996,1.091816644012912e-4,0.002268663249698493,STN1 subunit of CST complex [Source:HGNC Symbol;Acc:HGNC:26200]
RNF19B,3125.407649969101,1.0707385843751493,0.2970052006972561,9.698143123648867e-6,3.74802611902843e-4,ring finger protein 19B [Source:HGNC Symbol;Acc:HGNC:26886]
PTEN,7302.845005730572,1.069684940876949,0.3089544015466764,1.53823519939541e-5,5.112158267932232e-4,phosphatase and tensin homolog [Source:HGNC Symbol;Acc:HGNC:9588]
TRIM38,1759.8352879425904,1.0695042166540736,0.2874146028206791,6.791665459009914e-6,2.827621597329915e-4,tripartite motif containing 38 [Source:HGNC Symbol;Acc:HGNC:10059]
RBM43,492.5291618798497,1.0638567491517763,0.22472258568264009,9.411779291042972e-8,1.1755415760658728e-5,RNA binding motif protein 43 [Source:HGNC Symbol;Acc:HGNC:24790]
EPS8,111.54870099345769,1.063289878818857,0.2588133481445803,2.086837594922974e-6,1.1684234533938188e-4,epidermal growth factor receptor pathway substrate 8 [Source:HGNC Symbol;Acc:HGNC:3420]
MRPL17,188.23745542496636,1.0622109760526386,0.20444141997081414,1.1857974897228988e-8,2.6427008369000917e-6,mitochondrial ribosomal protein L17 [Source:HGNC Symbol;Acc:HGNC:14053]
USP25,1894.5011450433853,1.0596308148854359,0.3197505347544497,2.72726518520469e-5,7.616239826790296e-4,ubiquitin specific peptidase 25 [Source:HGNC Symbol;Acc:HGNC:12624]
LIG1,514.2875923421009,1.0559614357417093,0.21836340815135133,7.424981726402988e-8,9.785758954574824e-6,DNA ligase 1 [Source:HGNC Symbol;Acc:HGNC:6598]
CDKN2D,574.7746274088939,1.055093333584798,0.27217630110101093,4.640368211457074e-6,2.1012918363115976e-4,cyclin dependent kinase inhibitor 2D [Source:HGNC Symbol;Acc:HGNC:1790]
TIPARP,957.8172588118656,1.0549259974726244,0.2488718457071353,8.728160079847346e-7,5.636606106110508e-5,TCDD inducible poly(ADP-ribose) polymerase [Source:HGNC Symbol;Acc:HGNC:23696]
MAD2L2,122.36566912418702,1.0535132046488045,0.32996747731601045,6.844520460692319e-5,0.0015652881198436398,mitotic arrest deficient 2 like 2 [Source:HGNC Symbol;Acc:HGNC:6764]
MAP3K8,332.3518078808162,1.0511578778320414,0.21922192185048078,7.490419048460406e-8,9.785758954574824e-6,mitogen-activated protein kinase kinase kinase 8 [Source:HGNC Symbol;Acc:HGNC:6860]
CFLAR,6072.023646180254,1.049997911241853,0.299677194250085,1.3962944885426994e-5,4.818385189946546e-4,CASP8 and FADD like apoptosis regulator [Source:HGNC Symbol;Acc:HGNC:1876]
LYN,8576.610807475108,1.0480921143223842,0.26438277857509135,2.4439526886516603e-6,1.3306730299353896e-4,"LYN proto-oncogene, Src family tyrosine kinase [Source:HGNC Symbol;Acc:HGNC:6735]"
TMX1,596.5077617799919,1.0453956525350092,0.2717180134751169,4.3245288356776615e-6,1.9739997890085261e-4,thioredoxin related transmembrane protein 1 [Source:HGNC Symbol;Acc:HGNC:15487]
CREB5,3181.2063819183395,1.044411057409944,0.3368156022960141,5.0225720478946646e-5,0.0012356396947266397,cAMP responsive element binding protein 5 [Source:HGNC Symbol;Acc:HGNC:16844]
CD164,5800.853204179014,1.042875951807615,0.2797567246530519,5.918148815403434e-6,2.5287849411983245e-4,CD164 molecule [Source:HGNC Symbol;Acc:HGNC:1632]
ABHD6,327.6356092083449,1.0395630360005501,0.279658213690912,8.636285338770412e-6,3.493820401354187e-4,"abhydrolase domain containing 6, acylglycerol lipase [Source:HGNC Symbol;Acc:HGNC:21398]"
LITAF,5094.549908888583,1.0387561588674572,0.3066653699515618,2.111026581481391e-5,6.432688505393428e-4,lipopolysaccharide induced TNF factor [Source:HGNC Symbol;Acc:HGNC:16841]
TMEM165,883.8705717961483,1.038628409455073,0.30390148471715295,2.0106960821648396e-5,6.195971226112712e-4,transmembrane protein 165 [Source:HGNC Symbol;Acc:HGNC:30760]
EMC8,517.2981217485601,1.0366102903420573,0.3459315345191649,7.626800944764819e-5,0.0016930902253554088,ER membrane protein complex subunit 8 [Source:HGNC Symbol;Acc:HGNC:7864]
RGL1,98.19779871353076,1.0362773292179521,0.294819104312927,2.3243736886842914e-5,6.791473353620992e-4,ral guanine nucleotide dissociation stimulator like 1 [Source:HGNC Symbol;Acc:HGNC:30281]
TRPM6,38.76006769864794,1.0344719669077713,0.3784132295103128,2.3846541189616636e-4,0.0041066634418361015,transient receptor potential cation channel subfamily M member 6 [Source:HGNC Symbol;Acc:HGNC:17995]
IRAK3,745.4305664771211,1.0291119543370348,0.30581140731038786,2.359829125841287e-5,6.855642997014653e-4,interleukin 1 receptor associated kinase 3 [Source:HGNC Symbol;Acc:HGNC:17020]
STAMBPL1,1077.8729380630336,1.0280007205884427,0.28775589818506664,1.5013727007515844e-5,5.048698851107251e-4,STAM binding protein like 1 [Source:HGNC Symbol;Acc:HGNC:24105]
CC2D2B,1185.2202196082321,1.0211815377039333,0.3252724284101505,5.3472432020154824e-5,0.0012958798770598713,coiled-coil and C2 domain containing 2B [Source:HGNC Symbol;Acc:HGNC:31666]
RO60,512.7898773120569,1.0187465832640386,0.25636511946812496,2.927911277497497e-6,1.533394418037749e-4,"Ro60, Y RNA binding protein [Source:HGNC Symbol;Acc:HGNC:11313]"
TSPAN17,121.52495084344001,1.0184965037790907,0.28829385951483805,2.2095493277594675e-5,6.540035848779716e-4,tetraspanin 17 [Source:HGNC Symbol;Acc:HGNC:13594]
MVP,3642.9003056581764,1.018311798928524,0.3057117865520983,3.062165672173386e-5,8.306581152726183e-4,major vault protein [Source:HGNC Symbol;Acc:HGNC:7531]
FFAR2,1165.6828531714534,1.01597599712168,0.2643210326037745,5.182338281570492e-6,2.3089914118101709e-4,free fatty acid receptor 2 [Source:HGNC Symbol;Acc:HGNC:4501]
BCL2A1,2541.9155534180445,1.0148661142233755,0.38478337030275883,2.0137401585630784e-4,0.0035874875614777353,BCL2 related protein A1 [Source:HGNC Symbol;Acc:HGNC:991]
MFSD14B,2267.193350421456,1.0140792482268322,0.4059319013772947,2.938094161303988e-4,0.004784294876415635,major facilitator superfamily domain containing 14B [Source:HGNC Symbol;Acc:HGNC:23376]
PROS1,162.17048035104284,1.0134275890272852,0.32621407353018345,7.524328508470177e-5,0.0016826942072245205,protein S [Source:HGNC Symbol;Acc:HGNC:9456]
SSTR4,40.08943627045592,1.0130876909601316,0.3214896015904704,7.938313198577456e-5,0.0017452005380083437,somatostatin receptor 4 [Source:HGNC Symbol;Acc:HGNC:11333]
SMPDL3A,145.81519721366325,1.0126369970866806,0.31420758669039295,5.6476454341994744e-5,0.0013485533194351098,sphingomyelin phosphodiesterase acid like 3A [Source:HGNC Symbol;Acc:HGNC:17389]
FLOT2,3582.2697160583994,1.012117817445422,0.2600001699967157,3.760100972253169e-6,1.8500998982956502e-4,flotillin 2 [Source:HGNC Symbol;Acc:HGNC:3758]
SP110,3558.3371220029635,1.0105161208378548,0.29566982303982103,2.1821240353544928e-5,6.522680958044735e-4,SP110 nuclear body protein [Source:HGNC Symbol;Acc:HGNC:5401]
NIBAN2,141.59944721209294,1.007940041128842,0.31741223346486214,5.664350613908219e-5,0.0013490939056338834,niban apoptosis regulator 2 [Source:HGNC Symbol;Acc:HGNC:25282]
VAT1,558.8457580810802,1.0076866357097296,0.25902766952592854,4.0759405158969096e-6,1.9302974959868447e-4,vesicle amine transport 1 [Source:HGNC Symbol;Acc:HGNC:16919]
LTBR,451.5441724286961,1.0031134473321142,0.2839111486860843,1.604579565364045e-5,5.286275750703692e-4,lymphotoxin beta receptor [Source:HGNC Symbol;Acc:HGNC:6718]
CCR9,28.25301993311861,-1.0044880486529288,0.29076110962612467,3.6346037515631864e-5,9.367552435434733e-4,C-C motif chemokine receptor 9 [Source:HGNC Symbol;Acc:HGNC:1610]
KLHL25,97.20754369371872,-1.0110495730442823,0.2675925304995944,8.805297943429891e-6,3.538291532521772e-4,kelch like family member 25 [Source:HGNC Symbol;Acc:HGNC:25732]
H1-5,216.1217245215356,-1.053440722898987,0.24520688898546653,1.3546759182639946e-6,8.06138559528197e-5,"H1.5 linker histone, cluster member [Source:HGNC Symbol;Acc:HGNC:4719]"
LRRN1,198.9626864215873,-1.0600641916597628,0.3072148184758482,2.6763783446512506e-5,7.562888979375984e-4,leucine rich repeat neuronal 1 [Source:HGNC Symbol;Acc:HGNC:20980]
KIT,212.965165695349,-1.1039189679580592,0.3297127129432489,3.2437238244081555e-5,8.654498823526548e-4,"KIT proto-oncogene, receptor tyrosine kinase [Source:HGNC Symbol;Acc:HGNC:6342]"
NECTIN1,232.20978786450948,-1.132767201600497,0.25682901862359714,4.2015240486183966e-7,3.64538338447303e-5,nectin cell adhesion molecule 1 [Source:HGNC Symbol;Acc:HGNC:9706]
TCN2,68.18685180549258,-1.14450132258825,0.3484420917271357,4.7597252844945744e-5,0.0011812016939643085,transcobalamin 2 [Source:HGNC Symbol;Acc:HGNC:11653]
